# Danh sach app MIEN PHI - moi dong 1 ten phan mem hoac nha phat hanh,
# Dong bat dau bang # la ghi chu, se bi bo qua
# So khop khong phan biet hoa/thuong, chi can chua 1 phan ten la du (khong can go chinh xac tuyet doi)
Google Chrome,
Mozilla Firefox,
Microsoft Edge,
VLC media player,
7-Zip,
WinRAR,
Zoom,
Skype,
Zalo,
Unikey,
EVKey,
CocCoc,
Adobe Acrobat Reader,
Notepad++,
TeamViewer,
AnyDesk,
UltraViewer,
Foxit Reader,
OpenOffice,
LibreOffice,
Discord,
Telegram,
WhatsApp,
Java(TM),
Java 8,
ONLYOFFICE,
Google Drive,
Canon MF Scan Utility,
C?c C?c,
KBiVMS 2,
Canon MP Navigator,
Microsoft Visual C++ ,
Microsoft .NET Framework,
Microsoft .NET Framework,
Gemini,
Microsoft Windows Desktop Runtime,
